Strand,Type,Subtype,SBS18_GRCh37
U,C>A,ACA,0.023890022
U,C>A,ACC,0.007140007
U,C>A,ACG,0.001443001
U,C>A,ACT,0.009138008
U,C>G,ACA,0.002412002
U,C>G,ACC,0.000970601
U,C>G,ACG,1.21E-05
U,C>G,ACT,0.001171001
U,C>T,ACA,0.005072005
U,C>T,ACC,0.003260003
U,C>T,ACG,0.01109001
U,C>T,ACT,0.004853004
U,T>A,ATA,0.0004224
U,T>A,ATC,0.002760003
U,T>A,ATG,0.000804601
U,T>A,ATT,0.007903007
U,T>C,ATA,0.001236001
U,T>C,ATC,0.000881201
U,T>C,ATG,0.001637002
U,T>C,ATT,0.003356003
U,T>G,ATA,1.24E-05
U,T>G,ATC,1.87E-07
U,T>G,ATG,0.000962301
U,T>G,ATT,0.002970003
U,C>A,CCA,0.02173002
U,C>A,CCC,0.007720007
U,C>A,CCG,0.003223003
U,C>A,CCT,0.019650018
U,C>G,CCA,6.40E-05
U,C>G,CCC,0.0003526
U,C>G,CCG,0.0001449
U,C>G,CCT,0.000763601
U,C>T,CCA,0.003594003
U,C>T,CCC,0.001531001
U,C>T,CCG,0.006789006
U,C>T,CCT,0.005975006
U,T>A,CTA,0.000594701
U,T>A,CTC,0.002007002
U,T>A,CTG,0.001879002
U,T>A,CTT,0.0001294
U,T>C,CTA,0.001481001
U,T>C,CTC,0.002515002
U,T>C,CTG,0.003644003
U,T>C,CTT,0.006163006
U,T>G,CTA,2.78E-05
U,T>G,CTC,0.000965201
U,T>G,CTG,1.51E-05
U,T>G,CTT,0.005473005
U,C>A,GCA,0.052140048
U,C>A,GCC,0.009719009
U,C>A,GCG,0.003129003
U,C>A,GCT,0.03270003
U,C>G,GCA,0.000904601
U,C>G,GCC,0.001671002
U,C>G,GCG,7.46E-06
U,C>G,GCT,0.001674002
U,C>T,GCA,0.006738006
U,C>T,GCC,0.002204002
U,C>T,GCG,0.013270012
U,C>T,GCT,0.004898005
U,T>A,GTA,0.001031001
U,T>A,GTC,0.000698301
U,T>A,GTG,0.001480001
U,T>A,GTT,0.002240002
U,T>C,GTA,0.002253002
U,T>C,GTC,0.001008001
U,T>C,GTG,0.002007002
U,T>C,GTT,0.003939004
U,T>G,GTA,0.0003615
U,T>G,GTC,0.000796001
U,T>G,GTG,1.64E-05
U,T>G,GTT,3.52E-05
U,C>A,TCA,0.037130034
U,C>A,TCC,0.02186002
U,C>A,TCG,0.004634004
U,C>A,TCT,0.071970066
U,C>G,TCA,0.000641301
U,C>G,TCC,0.001666002
U,C>G,TCG,7.16E-05
U,C>G,TCT,0.002572002
U,C>T,TCA,0.003698003
U,C>T,TCC,0.005204005
U,C>T,TCG,0.004740004
U,C>T,TCT,0.002095002
U,T>A,TTA,0.004370004
U,T>A,TTC,0.0001444
U,T>A,TTG,5.11E-06
U,T>A,TTT,0.004969005
U,T>C,TTA,0.004209004
U,T>C,TTC,0.001958002
U,T>C,TTG,0.0002363
U,T>C,TTT,0.001773002
U,T>G,TTA,0.0001917
U,T>G,TTC,1.66E-06
U,T>G,TTG,1.43E-05
U,T>G,TTT,0.004029004
T,C>A,ACA,0.030130028
T,C>A,ACC,0.008466008
T,C>A,ACG,0.001903002
T,C>A,ACT,0.01062001
T,C>G,ACA,0.002662002
T,C>G,ACC,1.55E-06
T,C>G,ACG,0.000563601
T,C>G,ACT,0.000609101
T,C>T,ACA,0.004941005
T,C>T,ACC,0.002098002
T,C>T,ACG,0.008378008
T,C>T,ACT,0.003915004
T,T>A,ATA,0.001950002
T,T>A,ATC,0.001895002
T,T>A,ATG,0.001675002
T,T>A,ATT,0.009843009
T,T>C,ATA,0.005049005
T,T>C,ATC,0.000158
T,T>C,ATG,0.001423001
T,T>C,ATT,0.001949002
T,T>G,ATA,0.000918301
T,T>G,ATC,2.42E-06
T,T>G,ATG,0.001384001
T,T>G,ATT,0.002219002
T,C>A,CCA,0.023590022
T,C>A,CCC,0.006396006
T,C>A,CCG,0.003054003
T,C>A,CCT,0.021110019
T,C>G,CCA,0.000678901
T,C>G,CCC,0.000771801
T,C>G,CCG,3.50E-06
T,C>G,CCT,0.0004097
T,C>T,CCA,0.002006002
T,C>T,CCC,0.001660002
T,C>T,CCG,0.006371006
T,C>T,CCT,0.002225002
T,T>A,CTA,0.001293001
T,T>A,CTC,0.0003523
T,T>A,CTG,0.000861801
T,T>A,CTT,0
T,T>C,CTA,0.001135001
T,T>C,CTC,0.003934004
T,T>C,CTG,0.003101003
T,T>C,CTT,0.006384006
T,T>G,CTA,0.0004638
T,T>G,CTC,0.0001224
T,T>G,CTG,0.001547001
T,T>G,CTT,0.006292006
T,C>A,GCA,0.057430053
T,C>A,GCC,0.01042001
T,C>A,GCG,0.003684003
T,C>A,GCT,0.027480025
T,C>G,GCA,0.000590701
T,C>G,GCC,0.001344001
T,C>G,GCG,6.95E-05
T,C>G,GCT,0.000673401
T,C>T,GCA,0.003865004
T,C>T,GCC,0.004243004
T,C>T,GCG,0.010130009
T,C>T,GCT,0.005289005
T,T>A,GTA,0.000852201
T,T>A,GTC,0.0001377
T,T>A,GTG,0.0001371
T,T>A,GTT,0.001553001
T,T>C,GTA,1.62E-05
T,T>C,GTC,0.000913901
T,T>C,GTG,6.53E-06
T,T>C,GTT,0.002267002
T,T>G,GTA,5.28E-06
T,T>G,GTC,0.000898501
T,T>G,GTG,0.0001739
T,T>G,GTT,3.26E-05
T,C>A,TCA,0.036410034
T,C>A,TCC,0.020720019
T,C>A,TCG,0.004283004
T,C>A,TCT,0.067050062
T,C>G,TCA,2.89E-05
T,C>G,TCC,0.001858002
T,C>G,TCG,0.000194
T,C>G,TCT,0.000638301
T,C>T,TCA,0.001680002
T,C>T,TCC,0.000539
T,C>T,TCG,0.008328008
T,C>T,TCT,0.0002398
T,T>A,TTA,0.003754003
T,T>A,TTC,0.002051002
T,T>A,TTG,0.000630801
T,T>A,TTT,0.000589301
T,T>C,TTA,0.001695002
T,T>C,TTC,0.0003638
T,T>C,TTG,0.002519002
T,T>C,TTT,0.001827002
T,T>G,TTA,0.000664201
T,T>G,TTC,0.0002221
T,T>G,TTG,0.001465001
T,T>G,TTT,0.000589301