Strand,Type,Subtype,SBS7c_GRCh37
U,C>A,ACA,0.001299453
U,C>A,ACC,0.000381839
U,C>A,ACG,0.000194918
U,C>A,ACT,0.001969171
U,C>G,ACA,0.000364846
U,C>G,ACC,9.91E-05
U,C>G,ACG,1.85E-05
U,C>G,ACT,0.001489373
U,C>T,ACA,0.000522653
U,C>T,ACC,0.003102172
U,C>T,ACG,6.69E-05
U,C>T,ACT,0.012406891
U,T>A,ATA,0.007206964
U,T>A,ATC,0.001946139
U,T>A,ATG,1.38E-05
U,T>A,ATT,0.030087327
U,T>C,ATA,0
U,T>C,ATC,4.63E-05
U,T>C,ATG,3.72E-05
U,T>C,ATT,0.001219486
U,T>G,ATA,0.001373034
U,T>G,ATC,0.000159933
U,T>G,ATG,2.72E-05
U,T>G,ATT,5.11E-05
U,C>A,CCA,0.000323523
U,C>A,CCC,0.001939183
U,C>A,CCG,0.000142852
U,C>A,CCT,0.011362385
U,C>G,CCA,3.42E-05
U,C>G,CCC,0.001119528
U,C>G,CCG,4.15E-05
U,C>G,CCT,0.002653183
U,C>T,CCA,0.00557932
U,C>T,CCC,0.005145036
U,C>T,CCG,0.008070745
U,C>T,CCT,0.031388542
U,T>A,CTA,0.001989162
U,T>A,CTC,0.007643062
U,T>A,CTG,0.000805661
U,T>A,CTT,0.024289769
U,T>C,CTA,0.003138678
U,T>C,CTC,0.00144939
U,T>C,CTG,0.000144939
U,T>C,CTT,0.019391832
U,T>G,CTA,2.32E-05
U,T>G,CTC,0.003028724
U,T>G,CTG,0.002728851
U,T>G,CTT,0.001169507
U,C>A,GCA,1.99E-05
U,C>A,GCC,0
U,C>A,GCG,2.59E-06
U,C>A,GCT,4.44E-07
U,C>G,GCA,0.000257891
U,C>G,GCC,0
U,C>G,GCG,1.38E-07
U,C>G,GCT,0.00061674
U,C>T,GCA,0
U,C>T,GCC,0
U,C>T,GCG,0
U,C>T,GCT,0.005767467
U,T>A,GTA,0.000500789
U,T>A,GTC,0.001429398
U,T>A,GTG,0
U,T>A,GTT,0.009763734
U,T>C,GTA,2.62E-06
U,T>C,GTC,0
U,T>C,GTG,2.98E-05
U,T>C,GTT,0.005847537
U,T>G,GTA,0.00030887
U,T>G,GTC,0.000256637
U,T>G,GTG,5.80E-08
U,T>G,GTT,0.005477693
U,C>A,TCA,0.000274455
U,C>A,TCC,0.005160718
U,C>A,TCG,0.00018892
U,C>A,TCT,0.004473563
U,C>G,TCA,3.17E-05
U,C>G,TCC,0.001949345
U,C>G,TCG,0
U,C>G,TCT,0.005049711
U,C>T,TCA,0.000268888
U,C>T,TCC,0.001689288
U,C>T,TCG,0.005132339
U,C>T,TCT,0.027549384
U,T>A,TTA,0.011195285
U,T>A,TTC,0.016193179
U,T>A,TTG,0.005927503
U,T>A,TTT,0.151936004
U,T>C,TTA,0.014293979
U,T>C,TTC,0.01189499
U,T>C,TTG,0.008570218
U,T>C,TTT,0.047579959
U,T>G,TTA,0.004468118
U,T>G,TTC,0.008006628
U,T>G,TTG,0.005837541
U,T>G,TTT,0.014393937
T,C>A,ACA,0.003548505
T,C>A,ACC,5.91E-05
T,C>A,ACG,0.000177925
T,C>A,ACT,0.001629314
T,C>G,ACA,0.000607744
T,C>G,ACC,4.08E-06
T,C>G,ACG,1.25E-05
T,C>G,ACT,0.000271885
T,C>T,ACA,0.000460806
T,C>T,ACC,0.00590471
T,C>T,ACG,0.000129945
T,C>T,ACT,0.008975613
T,T>A,ATA,0.006786415
T,T>A,ATC,0.001530332
T,T>A,ATG,9.02E-05
T,T>A,ATT,0.026188969
T,T>C,ATA,0.00016693
T,T>C,ATC,0.00087863
T,T>C,ATG,5.47E-05
T,T>C,ATT,0.001274407
T,T>G,ATA,0.001330872
T,T>G,ATC,0.000294876
T,T>G,ATG,0.00035685
T,T>G,ATT,0
T,C>A,CCA,0.000230903
T,C>A,CCC,0.001559343
T,C>A,CCG,0.000289878
T,C>A,CCT,0.0063693
T,C>G,CCA,0.000382839
T,C>G,CCC,0.000747685
T,C>G,CCG,8.94E-05
T,C>G,CCT,0.00201915
T,C>T,CCA,0.004669567
T,C>T,CCC,0.0001916
T,C>T,CCG,0.00573527
T,C>T,CCT,0.017055443
T,T>A,CTA,0.001699284
T,T>A,CTC,0.006247369
T,T>A,CTG,0.000567761
T,T>A,CTT,0.017392674
T,T>C,CTA,0.001929187
T,T>C,CTC,0.001469381
T,T>C,CTG,0.000329861
T,T>C,CTT,0.015793348
T,T>G,CTA,2.60E-05
T,T>G,CTC,0.002928766
T,T>G,CTG,0.001889204
T,T>G,CTT,0
T,C>A,GCA,0.000642729
T,C>A,GCC,0.000201915
T,C>A,GCG,1.30E-06
T,C>A,GCT,1.65E-06
T,C>G,GCA,0.000157933
T,C>G,GCC,1.59E-07
T,C>G,GCG,0.000116951
T,C>G,GCT,0.001189499
T,C>T,GCA,0
T,C>T,GCC,0
T,C>T,GCG,0.000121949
T,C>T,GCT,0.002942416
T,T>A,GTA,0.000672717
T,T>A,GTC,0.001065868
T,T>A,GTG,0
T,T>A,GTT,0.00797664
T,T>C,GTA,5.36E-05
T,T>C,GTC,5.04E-07
T,T>C,GTG,0.000149937
T,T>C,GTT,0.002482167
T,T>G,GTA,5.29E-06
T,T>G,GTC,0.000100957
T,T>G,GTG,0.000884627
T,T>G,GTT,0.003248632
T,C>A,TCA,0.000110816
T,C>A,TCC,0.002105789
T,C>A,TCG,0
T,C>A,TCT,0.00144939
T,C>G,TCA,0.000193918
T,C>G,TCC,0.001909196
T,C>G,TCG,0
T,C>G,TCT,0.003752908
T,C>T,TCA,0.002141979
T,C>T,TCC,0.003518511
T,C>T,TCG,8.29E-05
T,C>T,TCT,0.020791243
T,T>A,TTA,0.008176556
T,T>A,TTC,0.012094906
T,T>A,TTG,0.003838383
T,T>A,TTT,0.105657389
T,T>C,TTA,0.011295242
T,T>C,TTC,0.009845853
T,T>C,TTG,0.004608059
T,T>C,TTT,0.036784506
T,T>G,TTA,0.002598905
T,T>G,TTC,0.006167402
T,T>G,TTG,0.005137836
T,T>G,TTT,0.005337752