Strand,Type,Subtype,SBS17a_GRCh37
U,C>A,ACA,0.002103173
U,C>A,ACC,0.001032085
U,C>A,ACG,0.000353029
U,C>A,ACT,2.96E-05
U,C>G,ACA,0.001062087
U,C>G,ACC,0.00023812
U,C>G,ACG,0.000391032
U,C>G,ACT,0.000151112
U,C>T,ACA,0.004287353
U,C>T,ACC,0.002324191
U,C>T,ACG,5.93E-05
U,C>T,ACT,0.002908239
U,T>A,ATA,0.000844669
U,T>A,ATC,0.00084897
U,T>A,ATG,0.001136093
U,T>A,ATT,0.002090172
U,T>C,ATA,0.001560128
U,T>C,ATC,0.00825968
U,T>C,ATG,0.000828168
U,T>C,ATT,0.006835562
U,T>G,ATA,0.000718059
U,T>G,ATC,0.001316108
U,T>G,ATG,0.001566129
U,T>G,ATT,0.014391184
U,C>A,CCA,0.000400533
U,C>A,CCC,0.000422435
U,C>A,CCG,0.00011761
U,C>A,CCT,2.08E-05
U,C>G,CCA,0.000180615
U,C>G,CCC,0.000513442
U,C>G,CCG,1.93E-06
U,C>G,CCT,2.37E-05
U,C>T,CCA,0.001832151
U,C>T,CCC,0.000943678
U,C>T,CCG,0.001774146
U,C>T,CCT,0.000149412
U,T>A,CTA,0.001595131
U,T>A,CTC,0.013501111
U,T>A,CTG,0.006009494
U,T>A,CTT,0.025152069
U,T>C,CTA,0.014651205
U,T>C,CTC,0.056544652
U,T>C,CTG,0.028032306
U,T>C,CTT,0.136911264
U,T>G,CTA,0.000279723
U,T>G,CTC,0.001155095
U,T>G,CTG,0.000631352
U,T>G,CTT,0.001300107
U,C>A,GCA,0.003068252
U,C>A,GCC,0.000955879
U,C>A,GCG,0.000399833
U,C>A,GCT,0.001016084
U,C>G,GCA,0.000509742
U,C>G,GCC,0.000495341
U,C>G,GCG,0.00012011
U,C>G,GCT,0.000401433
U,C>T,GCA,0.002010165
U,C>T,GCC,0.000286224
U,C>T,GCG,0.002028167
U,C>T,GCT,0.000792265
U,T>A,GTA,0.000199716
U,T>A,GTC,0.004246349
U,T>A,GTG,0.001612133
U,T>A,GTT,0.005284435
U,T>C,GTA,0.000643253
U,T>C,GTC,0.013301094
U,T>C,GTG,0.004124339
U,T>C,GTT,0.004157342
U,T>G,GTA,0.000645553
U,T>G,GTC,0.000651754
U,T>G,GTG,0.000527343
U,T>G,GTT,0.005949489
U,C>A,TCA,0.000534944
U,C>A,TCC,5.50E-05
U,C>A,TCG,0.000293024
U,C>A,TCT,0.000225419
U,C>G,TCA,0.001634134
U,C>G,TCC,0.000443636
U,C>G,TCG,5.26E-05
U,C>G,TCT,0.000150112
U,C>T,TCA,0.004567376
U,C>T,TCC,0.001876154
U,C>T,TCG,0.000280223
U,C>T,TCT,0.000324727
U,T>A,TTA,0.002989246
U,T>A,TTC,0.005636464
U,T>A,TTG,0.001270104
U,T>A,TTT,0.003996329
U,T>C,TTA,0.00425335
U,T>C,TTC,0.019631615
U,T>C,TTG,0.003593296
U,T>C,TTT,0.02565211
U,T>G,TTA,5.36E-06
U,T>G,TTC,0.001523125
U,T>G,TTG,0.003310272
U,T>G,TTT,0.022811877
T,C>A,ACA,0.001912157
T,C>A,ACC,0.00085287
T,C>A,ACG,3.60E-05
T,C>A,ACT,1.44E-05
T,C>G,ACA,0.001572129
T,C>G,ACC,0.001003083
T,C>G,ACG,0.000314626
T,C>G,ACT,0.000378931
T,C>T,ACA,0.003681303
T,C>T,ACC,0.002616215
T,C>T,ACG,0.000113809
T,C>T,ACT,0.001966162
T,T>A,ATA,0.000686857
T,T>A,ATC,0.001258104
T,T>A,ATG,0.000303325
T,T>A,ATT,0.001755144
T,T>C,ATA,0.001160095
T,T>C,ATC,0.010220841
T,T>C,ATG,0.001282105
T,T>C,ATT,0.003544292
T,T>G,ATA,0.000331327
T,T>G,ATC,0.000640953
T,T>G,ATG,0.001755144
T,T>G,ATT,0.010050827
T,C>A,CCA,0.002257186
T,C>A,CCC,0.000667355
T,C>A,CCG,7.29E-05
T,C>A,CCT,4.26E-05
T,C>G,CCA,6.57E-05
T,C>G,CCC,0.000324927
T,C>G,CCG,0.000136311
T,C>G,CCT,3.17E-05
T,C>T,CCA,0.002471203
T,C>T,CCC,0.00182815
T,C>T,CCG,0.002356194
T,C>T,CCT,0.001437118
T,T>A,CTA,0.001010083
T,T>A,CTC,0.013141081
T,T>A,CTG,0.003192263
T,T>A,CTT,0.021781792
T,T>C,CTA,0.015971314
T,T>C,CTC,0.060704994
T,T>C,CTG,0.029742447
T,T>C,CTT,0.126110375
T,T>G,CTA,0.000316426
T,T>G,CTC,0.000470639
T,T>G,CTG,0.000616351
T,T>G,CTT,0.001228101
T,C>A,GCA,0.002643217
T,C>A,GCC,0.001102091
T,C>A,GCG,2.79E-05
T,C>A,GCT,0.000555146
T,C>G,GCA,0.001003083
T,C>G,GCC,0.000506842
T,C>G,GCG,8.90E-05
T,C>G,GCT,0.000495641
T,C>T,GCA,0.001772146
T,C>T,GCC,8.97E-05
T,C>T,GCG,0.002596214
T,C>T,GCT,0.000394132
T,T>A,GTA,0.000164514
T,T>A,GTC,0.003907321
T,T>A,GTG,0.001318108
T,T>A,GTT,0.005341439
T,T>C,GTA,0.004004329
T,T>C,GTC,0.013211087
T,T>C,GTG,0.006382525
T,T>C,GTT,0.008153671
T,T>G,GTA,0.00073006
T,T>G,GTC,0.000500541
T,T>G,GTG,0.000471239
T,T>G,GTT,0.003617298
T,C>A,TCA,0.000639153
T,C>A,TCC,0
T,C>A,TCG,8.17E-05
T,C>A,TCT,1.11E-06
T,C>G,TCA,0.002076171
T,C>G,TCC,0.000408534
T,C>G,TCG,0.00011861
T,C>G,TCT,0.000189016
T,C>T,TCA,0.004977409
T,C>T,TCC,0.00060505
T,C>T,TCG,2.35E-05
T,C>T,TCT,0.000522043
T,T>A,TTA,0.001286106
T,T>A,TTC,0.005247432
T,T>A,TTG,0.001316108
T,T>A,TTT,0.005974492
T,T>C,TTA,0.007911651
T,T>C,TTC,0.021421762
T,T>C,TTG,0.004832398
T,T>C,TTT,0.024221993
T,T>G,TTA,2.06E-09
T,T>G,TTC,0.00157613
T,T>G,TTG,0.001888155
T,T>G,TTT,0.01616133