Strand,Type,Subtype,SBS7b_GRCh37
U,C>A,ACA,0.000739051
U,C>A,ACC,4.00E-05
U,C>A,ACG,6.63E-05
U,C>A,ACT,0.000411028
U,C>G,ACA,0.000115008
U,C>G,ACC,7.09E-05
U,C>G,ACG,0.000230016
U,C>G,ACT,0.000205014
U,C>T,ACA,0.000554033
U,C>T,ACC,0.018764966
U,C>T,ACG,0.000200014
U,C>T,ACT,0.006403488
U,T>A,ATA,0.00117008
U,T>A,ATC,0.000259437
U,T>A,ATG,0.00089862
U,T>A,ATT,0.005180354
U,T>C,ATA,0.00073005
U,T>C,ATC,0.000114008
U,T>C,ATG,0.00088406
U,T>C,ATT,0.001260086
U,T>G,ATA,0.000134091
U,T>G,ATC,0.000764052
U,T>G,ATG,0.001160079
U,T>G,ATT,0.000505035
U,C>A,CCA,8.61E-05
U,C>A,CCC,0.000323022
U,C>A,CCG,0.000263901
U,C>A,CCT,0.000671843
U,C>G,CCA,0.000407028
U,C>G,CCC,0.000396027
U,C>G,CCG,0.000316022
U,C>G,CCT,0.000643899
U,C>T,CCA,0.059109435
U,C>T,CCC,0.103484194
U,C>T,CCG,0.011161335
U,C>T,CCT,0.07281743
U,T>A,CTA,0.000306021
U,T>A,CTC,0.000562994
U,T>A,CTG,0.000399027
U,T>A,CTT,0.000243017
U,T>C,CTA,0.000823056
U,T>C,CTC,0.00028602
U,T>C,CTG,0.000235016
U,T>C,CTT,0.003320227
U,T>G,CTA,0.000216015
U,T>G,CTC,0.000683047
U,T>G,CTG,0.001440098
U,T>G,CTT,0.000420029
U,C>A,GCA,0.000180012
U,C>A,GCC,4.60E-06
U,C>A,GCG,4.19E-05
U,C>A,GCT,6.03E-05
U,C>G,GCA,0.000103007
U,C>G,GCC,0.000259451
U,C>G,GCG,0.000240016
U,C>G,GCT,0.000331023
U,C>T,GCA,0.000628043
U,C>T,GCC,0.014727538
U,C>T,GCG,0.000164011
U,C>T,GCT,0.00493225
U,T>A,GTA,0.000128009
U,T>A,GTC,0.00014101
U,T>A,GTG,6.20E-05
U,T>A,GTT,0.000184074
U,T>C,GTA,0.00015301
U,T>C,GTC,3.14E-05
U,T>C,GTG,8.23E-05
U,T>C,GTT,0.002540174
U,T>G,GTA,0.000246017
U,T>G,GTC,0.000307563
U,T>G,GTG,0.002180149
U,T>G,GTT,0.001650113
U,C>A,TCA,0.001126396
U,C>A,TCC,0.00078326
U,C>A,TCG,0.000107007
U,C>A,TCT,0.000741337
U,C>G,TCA,0.000182012
U,C>G,TCC,0.000614854
U,C>G,TCG,0.000191013
U,C>G,TCT,0.000986552
U,C>T,TCA,0.019889269
U,C>T,TCC,0.129008818
U,C>T,TCG,0.037047129
U,C>T,TCT,0.071711095
U,T>A,TTA,0.001930132
U,T>A,TTC,0.001010069
U,T>A,TTG,0.000962066
U,T>A,TTT,0.002220152
U,T>C,TTA,0.003430234
U,T>C,TTC,0.000986067
U,T>C,TTG,0.001567685
U,T>C,TTT,0.002310158
U,T>G,TTA,0.001130077
U,T>G,TTC,0.001110076
U,T>G,TTG,0.001140078
U,T>G,TTT,0.003380231
T,C>A,ACA,0.000893061
T,C>A,ACC,0.000156011
T,C>A,ACG,1.58E-05
T,C>A,ACT,0.000230016
T,C>G,ACA,0.000138009
T,C>G,ACC,7.35E-05
T,C>G,ACG,6.96E-05
T,C>G,ACT,0.000170012
T,C>T,ACA,0.000837057
T,C>T,ACC,0.014254137
T,C>T,ACG,0.000232016
T,C>T,ACT,0.005731709
T,T>A,ATA,0.001852853
T,T>A,ATC,0.000302874
T,T>A,ATG,0.000852058
T,T>A,ATT,0.00453031
T,T>C,ATA,0.000941064
T,T>C,ATC,0.000255017
T,T>C,ATG,0.00072705
T,T>C,ATT,0.001153973
T,T>G,ATA,0.000292933
T,T>G,ATC,0.000315022
T,T>G,ATG,0.000686047
T,T>G,ATT,0.000481033
T,C>A,CCA,0.000517035
T,C>A,CCC,0.000369025
T,C>A,CCG,0.000131009
T,C>A,CCT,0.000551079
T,C>G,CCA,0.000257018
T,C>G,CCC,0.000158011
T,C>G,CCG,0.000247017
T,C>G,CCT,0.000492034
T,C>T,CCA,0.042156814
T,C>T,CCC,0.065212467
T,C>T,CCG,0.006903798
T,C>T,CCT,0.050407044
T,T>A,CTA,0.000483033
T,T>A,CTC,0.000507035
T,T>A,CTG,0.000253017
T,T>A,CTT,0.000199014
T,T>C,CTA,0.000714049
T,T>C,CTC,0.00014501
T,T>C,CTG,9.77E-05
T,T>C,CTT,0.002350161
T,T>G,CTA,0.000204014
T,T>G,CTC,0.00043903
T,T>G,CTG,0.000832057
T,T>G,CTT,2.59E-05
T,C>A,GCA,0.000246017
T,C>A,GCC,2.50E-06
T,C>A,GCG,7.20E-06
T,C>A,GCT,1.98E-05
T,C>G,GCA,2.87E-05
T,C>G,GCC,0.000114008
T,C>G,GCG,7.54E-05
T,C>G,GCT,7.10E-05
T,C>T,GCA,0.000504034
T,C>T,GCC,0.009560653
T,C>T,GCG,1.34E-05
T,C>T,GCT,0.002875226
T,T>A,GTA,0.000108007
T,T>A,GTC,5.77E-05
T,T>A,GTG,4.53E-05
T,T>A,GTT,0.00015101
T,T>C,GTA,6.39E-05
T,T>C,GTC,3.08E-05
T,T>C,GTG,0.00014601
T,T>C,GTT,0.001583168
T,T>G,GTA,8.13E-05
T,T>G,GTC,0.000156011
T,T>G,GTG,0.001250085
T,T>G,GTT,0.000910062
T,C>A,TCA,0.001229823
T,C>A,TCC,0.000839321
T,C>A,TCG,4.03E-05
T,C>A,TCT,0.000367025
T,C>G,TCA,0.000220015
T,C>G,TCC,0.000283019
T,C>G,TCG,9.66E-05
T,C>G,TCT,0.000290925
T,C>T,TCA,0.008148945
T,C>T,TCC,0.066626292
T,C>T,TCG,0.022401531
T,C>T,TCT,0.047003213
T,T>A,TTA,0.001580108
T,T>A,TTC,0.000858059
T,T>A,TTG,0.000635043
T,T>A,TTT,0.001229949
T,T>C,TTA,0.002110144
T,T>C,TTC,0.000536037
T,T>C,TTG,0.001080074
T,T>C,TTT,0.00117008
T,T>G,TTA,0.000760052
T,T>G,TTC,0.000846058
T,T>G,TTG,0.000664045
T,T>G,TTT,0.001620111