Strand,Type,Subtype,SBS40_GRCh37
U,C>A,ACA,0.010829197
U,C>A,ACC,0.005539292
U,C>A,ACG,0.001269838
U,C>A,ACT,0.006515673
U,C>G,ACA,0.005103017
U,C>G,ACC,0.003792525
U,C>G,ACG,0.000985874
U,C>G,ACT,0.007098415
U,C>T,ACA,0.008240526
U,C>T,ACC,0.005109347
U,C>T,ACG,0.000823754
U,C>T,ACT,0.007099177
U,T>A,ATA,0.003757516
U,T>A,ATC,0.002399782
U,T>A,ATG,0.004356611
U,T>A,ATT,0.006178306
U,T>C,ATA,0.008507231
U,T>C,ATC,0.003897091
U,T>C,ATG,0.007547673
U,T>C,ATT,0.009612769
U,T>G,ATA,0.00333576
U,T>G,ATC,0.003429561
U,T>G,ATG,0.003736093
U,T>G,ATT,0.009548779
U,C>A,CCA,0.008540607
U,C>A,CCC,0.005850714
U,C>A,CCG,0.001257767
U,C>A,CCT,0.0074368
U,C>G,CCA,0.003713356
U,C>G,CCC,0.004744364
U,C>G,CCG,0.00101987
U,C>G,CCT,0.007895302
U,C>T,CCA,0.009779815
U,C>T,CCC,0.008073711
U,C>T,CCG,0.001181409
U,C>T,CCT,0.009848743
U,T>A,CTA,0.002363841
U,T>A,CTC,0.00494673
U,T>A,CTG,0.005146464
U,T>A,CTT,0.006199207
U,T>C,CTA,0.00587302
U,T>C,CTC,0.004874991
U,T>C,CTG,0.005480633
U,T>C,CTT,0.006907242
U,T>G,CTA,0.00171978
U,T>G,CTC,0.002989618
U,T>G,CTG,0.002824699
U,T>G,CTT,0.006173161
U,C>A,GCA,0.006139355
U,C>A,GCC,0.004201931
U,C>A,GCG,0.001109139
U,C>A,GCT,0.004875877
U,C>G,GCA,0.002243743
U,C>G,GCC,0.002448226
U,C>G,GCG,0.000617921
U,C>G,GCT,0.003348825
U,C>T,GCA,0.006999105
U,C>T,GCC,0.004528266
U,C>T,GCG,2.22E-05
U,C>T,GCT,0.004949642
U,T>A,GTA,0.002116816
U,T>A,GTC,0.001899757
U,T>A,GTG,0.002621328
U,T>A,GTT,0.00319769
U,T>C,GTA,0.002674071
U,T>C,GTC,0.002419691
U,T>C,GTG,0.002957881
U,T>C,GTT,0.003524908
U,T>G,GTA,0.001246857
U,T>G,GTC,0.001209845
U,T>G,GTG,0.002220207
U,T>G,GTT,0.002759647
U,C>A,TCA,0.01289142
U,C>A,TCC,0.009190715
U,C>A,TCG,0.001426223
U,C>A,TCT,0.012028606
U,C>G,TCA,0.006979108
U,C>G,TCC,0.007017729
U,C>G,TCG,0.001059864
U,C>G,TCT,0.013742813
U,C>T,TCA,0.018597622
U,C>T,TCC,0.012718308
U,C>T,TCG,0.001349827
U,C>T,TCT,0.011448758
U,T>A,TTA,0.005069352
U,T>A,TTC,0.005400679
U,T>A,TTG,0.004059481
U,T>A,TTT,0.012416346
U,T>C,TTA,0.005677289
U,T>C,TTC,0.003600032
U,T>C,TTG,0.003227756
U,T>C,TTT,0.00525217
U,T>G,TTA,0.004499425
U,T>G,TTC,0.005859251
U,T>G,TTG,0.004911391
U,T>G,TTT,0.014598133
T,C>A,ACA,0.015263537
T,C>A,ACC,0.007129088
T,C>A,ACG,0.001882742
T,C>A,ACT,0.007289068
T,C>G,ACA,0.006636466
T,C>G,ACC,0.005036379
T,C>G,ACG,0.00132983
T,C>G,ACT,0.007714443
T,C>T,ACA,0.011621473
T,C>T,ACC,0.007013541
T,C>T,ACG,0.001420391
T,C>T,ACT,0.008919101
T,T>A,ATA,0.003202205
T,T>A,ATC,0.002254386
T,T>A,ATG,0.003500392
T,T>A,ATT,0.004509315
T,T>C,ATA,0.011649064
T,T>C,ATC,0.004394229
T,T>C,ATG,0.008871984
T,T>C,ATT,0.011552556
T,T>G,ATA,0.003843313
T,T>G,ATC,0.003749521
T,T>G,ATG,0.004151125
T,T>G,ATT,0.008798875
T,C>A,CCA,0.009424023
T,C>A,CCC,0.006836645
T,C>A,CCG,0.001311645
T,C>A,CCT,0.006468711
T,C>G,CCA,0.003721118
T,C>G,CCC,0.004653465
T,C>G,CCG,0.000866889
T,C>G,CCT,0.00650338
T,C>T,CCA,0.009816744
T,C>T,CCC,0.009430976
T,C>T,CCG,0.001778534
T,C>T,CCT,0.011011615
T,T>A,CTA,7.06E-08
T,T>A,CTC,0.00329578
T,T>A,CTG,0.000772294
T,T>A,CTT,0.003700149
T,T>C,CTA,0.005554945
T,T>C,CTC,0.004043421
T,T>C,CTG,0.004748566
T,T>C,CTT,0.005249328
T,T>G,CTA,0.001729779
T,T>G,CTC,0.002599668
T,T>G,CTG,0.002837339
T,T>G,CTT,0.004796168
T,C>A,GCA,0.006939701
T,C>A,GCC,0.005123063
T,C>A,GCG,0.00171978
T,C>A,GCT,0.004846068
T,C>G,GCA,0.002554516
T,C>G,GCC,0.002942327
T,C>G,GCG,0.000598204
T,C>G,GCT,0.003591661
T,C>T,GCA,0.006739138
T,C>T,GCC,0.005757256
T,C>T,GCG,1.47E-05
T,C>T,GCT,0.005987562
T,T>A,GTA,0.001168638
T,T>A,GTC,0.001319831
T,T>A,GTG,0.002008561
T,T>A,GTT,0.002447665
T,T>C,GTA,0.003667165
T,T>C,GTC,0.002049738
T,T>C,GTG,0.003095803
T,T>C,GTT,0.003575973
T,T>G,GTA,0.001178439
T,T>G,GTC,0.001029868
T,T>G,GTG,0.002020287
T,T>G,GTT,0.001979747
T,C>A,TCA,0.012649964
T,C>A,TCC,0.009830297
T,C>A,TCG,0.001602231
T,C>A,TCT,0.01114109
T,C>G,TCA,0.006048808
T,C>G,TCC,0.007115011
T,C>G,TCG,0.000870889
T,C>G,TCT,0.011602548
T,C>T,TCA,0.013898223
T,C>T,TCC,0.011004721
T,C>T,TCG,0.001246776
T,C>T,TCT,0.010522693
T,T>A,TTA,0.003379568
T,T>A,TTC,0.004579414
T,T>A,TTG,0.001969748
T,T>A,TTT,0.009587946
T,T>C,TTA,0.005541411
T,T>C,TTC,0.003073536
T,T>C,TTG,0.002529677
T,T>C,TTT,0.005092611
T,T>G,TTA,0.004269454
T,T>G,TTC,0.005678888
T,T>G,TTG,0.003815039
T,T>G,TTT,0.010798619